{"mean":{"confidence_interval":{"confidence_level":0.95,"lower_bound":0.007650573894096624,"upper_bound":0.012983584720495238},"point_estimate":0.010098793204355916,"standard_error":0.0013677096666967741},"median":{"confidence_interval":{"confidence_level":0.95,"lower_bound":0.004727751316219386,"upper_bound":0.01064433486748051},"point_estimate":0.007238244362353541,"standard_error":0.0014686893926884798}}