{"mean":{"confidence_interval":{"confidence_level":0.95,"lower_bound":1348822723.3387501,"upper_bound":1351612140.41725},"point_estimate":1350217368.45,"standard_error":711584.6341350576},"median":{"confidence_interval":{"confidence_level":0.95,"lower_bound":1348151813.0,"upper_bound":1351581543.0},"point_estimate":1350299375.0,"standard_error":892376.7341971062},"median_abs_dev":{"confidence_interval":{"confidence_level":0.95,"lower_bound":4921185.197031498,"upper_bound":8057284.443354607},"point_estimate":6192313.782164454,"standard_error":794491.1180996994},"slope":null,"std_dev":{"confidence_interval":{"confidence_level":0.95,"lower_bound":6055821.501603051,"upper_bound":8043847.642746291},"point_estimate":7108864.182792407,"standard_error":506365.86872856057}}