{"mean":{"confidence_interval":{"confidence_level":0.95,"lower_bound":157422305.73,"upper_bound":158109266.05},"point_estimate":157749269.11,"standard_error":174008.03778435124},"median":{"confidence_interval":{"confidence_level":0.95,"lower_bound":157041721.0,"upper_bound":157710099.0},"point_estimate":157295555.5,"standard_error":153636.5881536717},"median_abs_dev":{"confidence_interval":{"confidence_level":0.95,"lower_bound":890082.600697875,"upper_bound":1645205.2377417674},"point_estimate":1219240.5512541533,"standard_error":177284.19478540195},"slope":null,"std_dev":{"confidence_interval":{"confidence_level":0.95,"lower_bound":1312335.260478048,"upper_bound":2163346.9583070865},"point_estimate":1752629.2000213836,"standard_error":218356.3625805898}}