{"mean":{"confidence_interval":{"confidence_level":0.95,"lower_bound":-0.018484332057954054,"upper_bound":-0.017225209603723014},"point_estimate":-0.017793298110639455,"standard_error":0.0003204310970389142},"median":{"confidence_interval":{"confidence_level":0.95,"lower_bound":-0.017732204031564502,"upper_bound":-0.01686185695862885},"point_estimate":-0.017343052954509774,"standard_error":0.0002295104144934809}}