{"mean":{"confidence_interval":{"confidence_level":0.95,"lower_bound":0.0515976168863419,"upper_bound":0.06709136200561909},"point_estimate":0.05915214499493526,"standard_error":0.0039173148112030135},"median":{"confidence_interval":{"confidence_level":0.95,"lower_bound":0.0441132841312617,"upper_bound":0.05788123922675914},"point_estimate":0.051981398225067865,"standard_error":0.0034895167321503657}}