{"mean":{"confidence_interval":{"confidence_level":0.95,"lower_bound":33385013.77,"upper_bound":33638844.17925},"point_estimate":33506743.575,"standard_error":64713.470085693036},"median":{"confidence_interval":{"confidence_level":0.95,"lower_bound":33213072.25,"upper_bound":33477717.75},"point_estimate":33348405.25,"standard_error":73218.0155146439},"median_abs_dev":{"confidence_interval":{"confidence_level":0.95,"lower_bound":372552.16918587685,"upper_bound":693103.9975449443},"point_estimate":543180.523006618,"standard_error":76052.20927571907},"slope":null,"std_dev":{"confidence_interval":{"confidence_level":0.95,"lower_bound":499337.4833701811,"upper_bound":798725.2421161298},"point_estimate":648134.4073747607,"standard_error":77659.34583792962}}