{"mean":{"confidence_interval":{"confidence_level":0.95,"lower_bound":1348652188.38,"upper_bound":1352272327.58},"point_estimate":1350430637.39,"standard_error":919321.9615393025},"median":{"confidence_interval":{"confidence_level":0.95,"lower_bound":1347698835.0,"upper_bound":1350506019.0},"point_estimate":1349329988.0,"standard_error":660052.8982964152},"median_abs_dev":{"confidence_interval":{"confidence_level":0.95,"lower_bound":5826727.608954906,"upper_bound":9786651.321852207},"point_estimate":7709161.815235019,"standard_error":981280.691209076},"slope":null,"std_dev":{"confidence_interval":{"confidence_level":0.95,"lower_bound":7657350.9228326725,"upper_bound":10633026.515785594},"point_estimate":9231843.624844026,"standard_error":763009.5988327279}}