{"mean":{"confidence_interval":{"confidence_level":0.95,"lower_bound":190730258.315,"upper_bound":191956709.43},"point_estimate":191320649.92,"standard_error":312511.22586481133},"median":{"confidence_interval":{"confidence_level":0.95,"lower_bound":189952891.0,"upper_bound":190808030.0},"point_estimate":190318504.0,"standard_error":209416.53887996028},"median_abs_dev":{"confidence_interval":{"confidence_level":0.95,"lower_bound":1485937.3062193394,"upper_bound":2443288.3958579567},"point_estimate":1955263.9647871256,"standard_error":241090.1485407438},"slope":null,"std_dev":{"confidence_interval":{"confidence_level":0.95,"lower_bound":2475513.6151666394,"upper_bound":3719547.92931272},"point_estimate":3147074.9978790637,"standard_error":317450.19478796574}}