{"mean":{"confidence_interval":{"confidence_level":0.95,"lower_bound":0.0054692481957510425,"upper_bound":0.016583797011549394},"point_estimate":0.01044558047466082,"standard_error":0.0030566817903878336},"median":{"confidence_interval":{"confidence_level":0.95,"lower_bound":0.001292176730081307,"upper_bound":0.010591604898390505},"point_estimate":0.005226307986694989,"standard_error":0.002220735747565867}}