{"mean":{"confidence_interval":{"confidence_level":0.95,"lower_bound":73.1837211417527,"upper_bound":74.0589331101717},"point_estimate":73.60294205514228,"standard_error":0.22281670598722125},"median":{"confidence_interval":{"confidence_level":0.95,"lower_bound":72.657798433625,"upper_bound":73.41618214881798},"point_estimate":73.12782243203867,"standard_error":0.1844636508563609},"median_abs_dev":{"confidence_interval":{"confidence_level":0.95,"lower_bound":0.9975756293093836,"upper_bound":1.7840172296086338},"point_estimate":1.36604323260462,"standard_error":0.19207680248608805},"slope":{"confidence_interval":{"confidence_level":0.95,"lower_bound":73.14221084230142,"upper_bound":74.0655796363201},"point_estimate":73.59585676396773,"standard_error":0.23542485553145948},"std_dev":{"confidence_interval":{"confidence_level":0.95,"lower_bound":1.6803805998840466,"upper_bound":2.7234868907987746},"point_estimate":2.240556912270868,"standard_error":0.26702999173203834}}