{"mean":{"confidence_interval":{"confidence_level":0.95,"lower_bound":5518607.9,"upper_bound":5629494.332249999},"point_estimate":5572032.25,"standard_error":28439.742814238652},"median":{"confidence_interval":{"confidence_level":0.95,"lower_bound":5478933.0,"upper_bound":5585275.0},"point_estimate":5509139.0,"standard_error":23713.64085843824},"median_abs_dev":{"confidence_interval":{"confidence_level":0.95,"lower_bound":190406.60811960697,"upper_bound":301938.545522019},"point_estimate":249653.5269677639,"standard_error":29105.71295527785},"slope":null,"std_dev":{"confidence_interval":{"confidence_level":0.95,"lower_bound":222259.14303535162,"upper_bound":342640.8482698735},"point_estimate":285490.97809649335,"standard_error":30939.71934803061}}