{"mean":{"confidence_interval":{"confidence_level":0.95,"lower_bound":1357938859.443,"upper_bound":1363445638.9527502},"point_estimate":1360563449.65,"standard_error":1411768.347485915},"median":{"confidence_interval":{"confidence_level":0.95,"lower_bound":1353824058.0,"upper_bound":1358983422.5},"point_estimate":1356253666.0,"standard_error":1134060.2709827668},"median_abs_dev":{"confidence_interval":{"confidence_level":0.95,"lower_bound":6914458.5773438215,"upper_bound":12665832.301336527},"point_estimate":9728524.507284164,"standard_error":1449231.974247295},"slope":null,"std_dev":{"confidence_interval":{"confidence_level":0.95,"lower_bound":10660063.29784242,"upper_bound":17438589.756478813},"point_estimate":14192295.78761142,"standard_error":1741024.8824620692}}