{"mean":{"confidence_interval":{"confidence_level":0.95,"lower_bound":-0.010469720673791354,"upper_bound":-0.00006201009359230181},"point_estimate":-0.0051167169635431,"standard_error":0.002654261958863125},"median":{"confidence_interval":{"confidence_level":0.95,"lower_bound":-0.011497913379435065,"upper_bound":0.002356351501008991},"point_estimate":-0.005807401579390636,"standard_error":0.0036103308475602387}}