{"mean":{"confidence_interval":{"confidence_level":0.95,"lower_bound":0.005187725774170127,"upper_bound":0.00996878464449047},"point_estimate":0.0075682485675889755,"standard_error":0.001237861264325335},"median":{"confidence_interval":{"confidence_level":0.95,"lower_bound":0.0015202187742338058,"upper_bound":0.007880566344135476},"point_estimate":0.004090653153226098,"standard_error":0.001674774848989093}}