{"mean":{"confidence_interval":{"confidence_level":0.95,"lower_bound":0.022128151097628078,"upper_bound":0.03236587054260266},"point_estimate":0.026452446435353272,"standard_error":0.0025041661360392085},"median":{"confidence_interval":{"confidence_level":0.95,"lower_bound":0.02026516192474337,"upper_bound":0.024021056651521766},"point_estimate":0.02268117082448673,"standard_error":0.0010004081100951012}}