{"mean":{"confidence_interval":{"confidence_level":0.95,"lower_bound":-0.020638193505888996,"upper_bound":-0.014632335648348796},"point_estimate":-0.017531208848945656,"standard_error":0.001537261278661867},"median":{"confidence_interval":{"confidence_level":0.95,"lower_bound":-0.01850232876149782,"upper_bound":-0.01273621679404455},"point_estimate":-0.014584788248458325,"standard_error":0.0014760245459197274}}