{"mean":{"confidence_interval":{"confidence_level":0.95,"lower_bound":1357203775.79425,"upper_bound":1362822500.75},"point_estimate":1359937111.12,"standard_error":1435177.6773988474},"median":{"confidence_interval":{"confidence_level":0.95,"lower_bound":1353587851.5,"upper_bound":1358284192.5},"point_estimate":1355497498.0,"standard_error":1216578.6001153274},"median_abs_dev":{"confidence_interval":{"confidence_level":0.95,"lower_bound":7683569.174489379,"upper_bound":13844993.727502227},"point_estimate":10512981.496757269,"standard_error":1584654.8482070072},"slope":null,"std_dev":{"confidence_interval":{"confidence_level":0.95,"lower_bound":12072881.539240966,"upper_bound":16311070.80037049},"point_estimate":14390151.011630222,"standard_error":1087058.75627678}}